classification,win
Extreme Greed,0.49008905486929044
Fear,0.41514592406122314
Greed,0.44647138251260715
Neutral,0.3171824674415348
